tweet_id,retweet_count,favorite_count 
666020888022790149,502,2538
892420643555336193,8321,38047
892177421306343426,6148,32663
891815181378084864,4069,24585
891689557279858688,8467,41400
891327558926688256,9163,39577
891087950875897856,3049,19872
890971913173991426,2020,11619
890729181411237888,18462,64196
890609185150312448,4188,27309
890240255349198849,7216,31330
892420643555336193,8321,38047
892177421306343426,6148,32663
891815181378084864,4069,24585
891689557279858688,8467,41400
891327558926688256,9163,39577
891087950875897856,3049,19872
890971913173991426,2020,11619
890729181411237888,18462,64196
890609185150312448,4188,27309
890240255349198849,7216,31330
890006608113172480,7178,30105
889880896479866881,4872,27299
889665388333682689,9834,47238
889638837579907072,4442,26655
889531135344209921,2201,14841
889278841981685760,5257,24782
888917238123831296,4404,28603
888804989199671297,4201,25107
888554962724278272,3475,19463
888078434458587136,3418,21366
887705289381826560,5277,29637
887517139158093824,11433,45439
887473957103951883,17787,67799
887343217045368832,10181,33087
887101392804085760,5840,30023
886983233522544640,7610,34519
886736880519319552,3213,11840
886680336477933568,4370,22018
886366144734445568,3134,20805
886267009285017600,4,116
886258384151887873,6155,27483
886054160059072513,105,0
885984800019947520,6640,32053
885528943205470208,6296,35328
885518971528720385,3680,20063
885311592912609280,18169,0
885167619883638784,4294,21531
884925521741709313,17876,76047
884876753390489601,5494,27423
884562892145688576,4598,23868
884441805382717440,5543,26507
884247878851493888,20083,71707
884162670584377345,2926,19984
883838122936631299,3379,21514
883482846933004288,9733,45090
883360690899218434,3630,22281
883117836046086144,6536,36504
882992080364220416,3846,23527
882762694511734784,4817,27797
882627270321602560,5967,27437
882268110199369728,11368,44147
882045870035918850,4870,28843
881906580714921986,3327,23883
881666595344535552,10461,49697
881633300179243008,7,124
881536004380872706,15637,48556
881268444196462592,5078,22681
880935762899988482,2733,16717
880872448815771648,3743,20895
880465832366813184,6156,28031
880221127280381952,4133,26577
880095782870896641,4272,27140
879862464715927552,3438,21932
879674319642796034,10,306
879492040517615616,3124,23021
879415818425184262,43448,104048
879376492567855104,3061,16483
879130579576475649,6705,0
879050749262655488,4633,22162
879008229531029506,2649,18658
878776093423087618,4053,19073
878604707211726852,7076,29735
878404777348136964,1268,0
878316110768087041,6535,0
878281511006478336,1268,7612
878057613040115712,6705,41333
877736472329191424,18756,78437
877611172832227328,79,0
877556246731214848,3745,22351
877316821321428993,5093,26928
877201837425926144,5489,26681
876838120628539392,3284,20349
876537666061221889,4565,23134
876484053909872640,2362,18457
876120275196170240,4617,27477
875747767867523072,4223,24804
875144289856114688,4853,21589
875097192612077568,5966,26996
875021211251597312,4653,25078
874680097055178752,4577,27382
874434818259525634,14522,0
874296783580663808,4048,25661
874057562936811520,3905,22316
874012996292530176,10268,34058
873580283840344065,3896,23861
873337748698140672,1565,0
873213775632977920,1565,7139
872967104147763200,5352,26985
872820683541237760,3655,14512
872620804844003328,3652,20523
872486979161796608,8935,40150
872261713294495745,6255,33765
872122724285648897,8051,33990
871879754684805121,11063,37502
871762521631449091,3450,20024
871515927908634625,3430,19977
871166179821445120,5667,0
871102520638267392,5470,20697
871032628920680449,3794,22421
870804317367881728,6169,33270
870726314365509632,3,119
870656317836468226,2631,12286
870374049280663552,26101,81961
870308999962521604,4141,21637
870063196459192321,8326,36329
869772420881756160,10001,42056
869702957897576449,6335,27999
869596645499047938,3127,15850
869227993411051520,3777,20297
868880397819494401,14476,65196
868639477480148993,2099,0
868622495443632128,5297,26594
868552278524837888,2099,10074
867900495410671616,4182,24072
867774946302451713,7349,33824
867421006826221569,2510,16045
867072653475098625,121,0
867051520902168576,7893,32126
866720684873056260,4834,20020
866686824827068416,3499,19278
866450705531457537,35458,121971
866334964761202691,14522,52456
866094527597207552,8423,0
865718153858494464,5652,25604
865359393868664832,5032,26460
865006731092295680,7737,27987
864873206498414592,8767,32283
864279568663928832,3059,14639
864197398364647424,9016,30198
863907417377173506,4182,20644
863553081350529029,4223,15333
863471782782697472,2480,0
863432100342583297,5320,23863
863427515083354112,97,2271
863079547188785154,1115,8792
863062471531167744,2480,8560
862831371563274240,5152,19224
862722525377298433,3568,17120
862457590147678208,5020,20618
862096992088072192,23595,74837
861383897657036800,10858,36241
861288531465048066,4214,17286
861005113778896900,3850,16804
860981674716409858,2188,0
860924035999428608,835,0
860563773140209665,2188,7558
860524505164394496,5369,23773
860276583193509888,3533,18417
860184849394610176,5944,16798
860177593139703809,31418,0
859924526012018688,4168,19696
859851578198683649,3572,15530
859607811541651456,1604,18740
859196978902773760,30801,90717
859074603037188101,13884,34152
858860390427611136,8323,0
858843525470990336,3550,15685
858471635011153920,4952,21711
858107933456039936,2979,15888
857989990357356544,2644,16298
857746408056729600,10885,34660
857393404942143489,1689,5982
857263160327368704,4627,20246
857214891891077121,18,230
857062103051644929,177,0
857029823797047296,4115,19169
856602993587888130,10978,0
856543823941562368,2957,16482
856526610513747968,1935,12006
856330835276025856,700,0
856288084350160898,17,526
856282028240666624,6503,28130
855862651834028034,28,352
855860136149123072,1059,5121
855857698524602368,2178,12028
855851453814013952,18256,46148
855818117272018944,5600,27044
855459453768019968,8476,30435
855245323840757760,6184,0
855138241867124737,47,0
854732716440526848,6326,23267
854482394044301312,7114,29885
854365224396361728,4862,19282
854120357044912130,7767,32630
854010172552949760,3274,16540
853760880890318849,6019,29213
853639147608842240,10559,35633
853299958564483072,3721,15897
852936405516943360,2093,0
852912242202992640,1916,9287
852672615818899456,2252,15291
852553447878664193,3669,16786
852311364735569921,10320,33966
852226086759018497,7104,20543
852189679701164033,1662,11774
851953902622658560,10074,0
851861385021730816,23,0
851591660324737024,3632,16666
851464819735769094,7419,24968
851224888060895234,5991,21299
850753642995093505,9729,31929
850380195714523136,2746,13453
850333567704068097,350,3538
850145622816686080,4024,16835
850019790995546112,5148,21098
849776966551130114,7987,31441
849668094696017920,5214,0
849412302885593088,3305,16394
849336543269576704,1990,11801
849051919805034497,8967,43879
848690551926992896,4549,26051
848324959059550208,4840,25593
848213670039564288,786,8457
848212111729840128,3240,16894
847978865427394560,3442,0
847971574464610304,449,0
847962785489326080,5388,24341
847842811428974592,1419,5671
847617282490613760,447,7261
847606175596138505,3583,19454
847251039262605312,4542,21201
847157206088847362,6189,20682
847116187444137987,3378,22207
846874817362120707,4154,20822
846514051647705089,12278,46337
846505985330044928,3267,14637
846153765933735936,9605,32910
846139713627017216,10461,32073
846042936437604353,3066,16610
845812042753855489,9266,30449
845677943972139009,5070,26099
845397057150107648,1915,7934
845306882940190720,5717,24246
845098359547420673,8122,0
844979544864018432,2742,14166
844973813909606400,3412,15716
844704788403113984,10978,40288
844580511645339650,3334,17157
844223788422217728,2338,14192
843981021012017153,3110,15755
843856843873095681,4921,22295
843604394117681152,2930,17598
843235543001513987,6432,22409
842846295480000512,3828,15865
842765311967449089,1356,7035
842535590457499648,3732,18873
842163532590374912,6184,25527
842115215311396866,3230,14606
841833993020538882,16338,0
841680585030541313,8262,26751
841439858740625411,3920,13178
841320156043304961,5798,20638
841314665196081154,5006,16529
841077006473256960,5667,23893
840761248237133825,1872,0
840728873075638272,17261,0
840698636975636481,2,185
840696689258311684,1043,12840
840632337062862849,1872,9379
840370681858686976,4857,17204
840268004936019968,6129,20162
839990271299457024,2454,14043
839549326359670784,8323,28795
839290600511926273,154,0
839239871831150596,6994,28468
838952994649550848,4252,20522
838921590096166913,2222,11696
838916489579200512,36,0
838831947270979586,11820,0
838561493054533637,1418,11435
838476387338051585,5151,23648
838201503651401729,10803,0
838150277551247360,354,1761
838085839343206401,0,147
838083903487373313,3379,18468
837820167694528512,8423,35838
837482249356513284,471,4017
837471256429613056,2457,13404
837366284874571778,5676,22155
837110210464448512,2560,16796
836989968035819520,2466,13356
836753516572119041,4950,20167
836677758902222849,2381,13230
836648853927522308,586,0
836397794269200385,29670,0
836380477523124226,3178,15456
836260088725786625,4606,22308
836001077879255040,4608,20045
835685285446955009,8754,0
835574547218894849,3887,18688
835536468978302976,1826,0
835309094223372289,22589,0
835297930240217089,3225,17250
835264098648616962,1826,8123
835246439529840640,78,2193
835172783151792128,6167,27463
835152434251116546,3244,23599
834931633769889797,1771,11388
834786237630337024,5901,22254
834574053763584002,2723,14375
834477809192075265,11468,0
834458053273591808,1804,10079
834209720923721728,5145,21659
834167344700198914,3910,16570
834089966724603904,2285,10557
834086379323871233,2388,13730
833863086058651648,2590,14101
833826103416520705,4018,18918
833732339549220864,232,0
833722901757046785,3458,21789
833479644947025920,2228,15627
833124694597443584,5214,21239
832998151111966721,2387,13979
832769181346996225,40,0
832757312314028032,3900,17707
832682457690300417,3164,12497
832645525019123713,559,3077
832636094638288896,3010,16684
832397543355072512,2396,12567
832369877331693569,3442,18070
832273440279240704,2514,11908
832215909146226688,6673,0
832215726631055365,10120,0
832088576586297345,2,70
832040443403784192,10476,0
832032802820481025,5001,18767
831939777352105988,6623,25264
831926988323639298,35,359
831911600680497154,7041,29133
831670449226514432,1953,11003
831650051525054464,2093,7570
831552930092285952,2475,9483
831322785565769729,1648,9703
831315979191906304,1207,6888
831309418084069378,2634,12364
831262627380748289,2214,12552
830956169170665475,1615,8401
830583320585068544,18169,70551
830173239259324417,6160,0
830097400375152640,3249,10366
829878982036299777,5426,0
829861396166877184,2114,12893
829501995190984704,11468,33477
829449946868879360,2200,11042
829374341691346946,10074,36528
829141528400556032,8016,25852
829011960981237760,17563,55956
828801551087042563,3673,0
828770345708580865,6348,26997
828708714936930305,12148,38656
828650029636317184,1460,10037
828409743546925057,1247,6641
828408677031882754,1390,8079
828381636999917570,2411,13333
828376505180889089,1150,7797
828372645993398273,3187,13242
828361771580813312,184,2318
828046555563323392,3100,12416
828011680017821696,2329,10942
827933404142436356,5658,21279
827653905312006145,3251,16285
827600520311402496,1028,7829
827324948884643840,3325,16769
827199976799354881,2430,11184
826958653328592898,5426,22816
826848821049180160,11076,38575
826615380357632002,4282,0
826598799820865537,276,5406
826598365270007810,2551,10660
826476773533745153,4545,19485
826240494070030336,2810,14062
826204788643753985,1010,5171
826115272272650244,3405,16578
825876512159186944,2028,11079
825829644528148480,2698,13487
825535076884762624,18665,55146
825147591692263424,4969,19390
825120256414846976,1390,0
825026590719483904,1390,6731
824796380199809024,5969,0
824775126675836928,3824,15872
824663926340194305,1888,10683
824325613288833024,11288,12489
824297048279236611,4204,15954
824025158776213504,641,5057
823939628516474880,2949,11283
823719002937630720,12200,0
823699002998870016,2629,13342
823581115634085888,2876,13823
823333489516937216,27,738
823322678127919110,4370,16691
823269594223824897,10715,0
822975315408461824,3741,18333
822872901745569793,47711,140447
822859134160621569,2491,14028
822647212903690241,6977,0
822610361945911296,3230,15680
822489057087389700,6977,19284
822462944365645825,15953,30225
822244816520155136,10715,37168
822163064745328640,5236,0
821886076407029760,2549,12067
821813639212650496,3637,0
821765923262631936,1816,8933
821522889702862852,1932,8517
821421320206483457,6096,0
821407182352777218,4736,12492
821153421864615936,10,270
821149554670182400,2195,9261
821107785811234820,2318,10186
821044531881721856,2496,13466
820837357901512704,7308,0
820749716845686786,10803,33529
820690176645140481,3514,12964
820494788566847489,617,0
820446719150292993,2820,0
820314633777061888,617,3540
820078625395449857,6857,21077
820013781606658049,1291,0
819952236453363712,1291,5647
819924195358416896,5276,13681
819711362133872643,3421,14309
819588359383371776,2146,10170
819347104292290561,1316,7681
819238181065359361,440,2426
819227688460238848,7308,24556
819015337530290176,40061,0
819015331746349057,20654,0
819006400881917954,20654,48039
819004803107983360,40061,91952
818646164899774465,22783,0
818627210458333184,8128,23608
818614493328580609,2820,10500
818588835076603904,6702,0
818536468981415936,2708,11607
818307523543449600,8867,0
818259473185828864,2497,11747
818145370475810820,2836,13086
817908911860748288,861,5151
817827839487737858,29670,55204
817777686764523521,2922,11390
817536400337801217,3316,12574
817502432452313088,3705,0
817423860136083457,16338,36434
817415592588222464,1051,5977
817181837579653120,9290,0
817171292965273600,2195,9293
817120970343411712,2864,12965
817056546584727552,1806,9134
816829038950027264,5153,0
816816676327063552,2223,10650
816697700272001025,2416,10447
816450570814898180,8867,32580
816336735214911488,2136,9159
816091915477250048,2359,9518
816062466425819140,1137,0
816014286006976512,5814,0
815990720817401858,1137,5328
815966073409433600,9290,23920
815745968457060357,4519,0
815736392542261248,2486,10494
815639385530101762,1797,8757
815390420867969024,4166,11046
814986499976527872,1415,8142
814638523311648768,2964,12019
814578408554463233,6352,0
814530161257443328,2032,9239
814153002265309185,9511,30709
813944609378369540,3496,0
813910438903693312,2061,9916
813812741911748608,15337,38786
813800681631023104,1922,8904
813217897535406080,7993,19943
813202720496779264,1969,9798
813187593374461952,4787,21168
813172488309972993,2094,9958
813157409116065792,2428,8283
813142292504645637,2579,8992
813130366689148928,486,4770
813127251579564032,3422,12660
813112105746448384,3020,11021
813096984823349248,3944,11244
813081950185472002,3033,10549
813066809284972545,2133,8502
813051746834595840,8038,22395
812781120811126785,2093,8096
812709060537683968,1567,7073
812503143955202048,1335,6489
812466873996607488,2109,8533
812372279581671427,4018,14634
811985624773361665,1541,7759
811744202451197953,1762,8066
811647686436880384,812,5958
811627233043480576,3423,13648
811386762094317568,7009,22347
810984652412424192,1570,5694
810896069567610880,1959,9672
810657578271330305,2904,11731
810284430598270976,12495,37871
810254108431155201,3673,15703
809920764300447744,4282,16564
809808892968534016,5381,0
809448704142938112,1610,7411
809220051211603969,6160,21309
809084759137812480,3845,14140
808838249661788160,3336,10807
808733504066486276,2383,8460
808501579447930884,2857,12057
808344865868283904,22783,45443
808134635716833280,6538,0
808106460588765185,2408,9345
808001312164028416,3877,13450
807621403335917568,4033,15584
807106840509214720,60996,127081
807059379405148160,8039,0
807010152071229440,4201,13963
806629075125202948,38240,80385
806620845233815552,6059,0
806576416489959424,2112,5185
806542213899489280,2597,10930
806242860592926720,12811,0
806219024703037440,1311,6865
805958939288408065,5904,0
805932879469572096,2097,8850
805826884734976000,2011,7046
805823200554876929,8825,0
805520635690676224,1805,6139
805487436403003392,2782,9389
805207613751304193,1871,8346
804738756058218496,4227,14692
804475857670639616,2209,6570
804413760345620481,3539,0
804026241225523202,17813,47764
803773340896923648,3045,10747
803692223237865472,8171,0
803638050916102144,4537,11758
803380650405482500,2037,8303
803321560782307329,5840,0
803276597545603072,2711,10734
802952499103731712,2206,9671
802624713319034886,3213,0
802600418706604034,1618,7620
802572683846291456,2747,9567
802323869084381190,6402,17386
802265048156610565,1497,7064
802239329049477120,2859,9719
802185808107208704,291,0
801958328846974976,1876,8260
801854953262350336,258,1882
801538201127157760,2255,8781
801285448605831168,917,6487
801167903437357056,6538,26258
801127390143516673,4366,0
801115127852503040,2293,8654
800859414831898624,106,739
800855607700029440,1788,0
800751577355128832,3045,11242
800513324630806528,3304,14073
800459316964663297,2374,10132
800443802682937345,4743,0
800388270626521089,3085,11940
800188575492947969,4331,0
800141422401830912,2820,16392
800018252395122689,14473,30421
799774291445383169,5149,0
799757965289017345,2376,9013
799422933579902976,2107,8620
799308762079035393,6071,0
799297110730567681,3044,10619
799063482566066176,2707,8667
798933969379225600,4920,14104
798925684722855936,1574,7976
798705661114773508,7254,0
798701998996647937,8571,0
798697898615730177,7154,0
798694562394996736,5453,0
798686750113755136,2552,0
798682547630837760,5184,0
798673117451325440,6088,0
798665375516884993,4278,0
798644042770751489,2032,0
798628517273620480,2161,0
798585098161549313,6268,0
798576900688019456,6441,0
798340744599797760,3690,0
798209839306514432,2810,11125
797971864723324932,3449,12485
797545162159308800,5337,15540
797236660651966464,7287,21407
797165961484890113,29,248
796904159865868288,9753,0
796865951799083009,2089,8230
796759840936919040,3358,12729
796563435802726400,8019,0
796484825502875648,1939,8122
796387464403357696,4580,11782
796177847564038144,15745,0
796149749086875649,15745,34682
796125600683540480,1960,5290
796116448414461957,2656,9743
796080075804475393,2549,9065
796031486298386433,4044,11577
795464331001561088,26207,53391
795400264262053889,3153,10825
795076730285391872,5969,17402
794983741416415232,3698,0
794926597468000259,2534,11027
794355576146903043,11299,0
794332329137291264,2914,10255
794205286408003585,3639,9857
793962221541933056,5381,18032
793845145112371200,2064,9863
793614319594401792,3426,0
793601777308463104,1798,8535
793500921481273345,2617,11464
793286476301799424,10120,26372
793271401113350145,2599,9269
793256262322548741,9169,21434
793241302385262592,3604,11265
793226087023144960,3142,10550
793210959003287553,3093,9573
793195938047070209,6183,16369
793180763617361921,2185,7420
793165685325201412,3056,10081
793150605191548928,1874,6617
793135492858580992,2741,6943
793120401413079041,4298,13603
792913359805018113,4415,15376
792883833364439040,4697,12126
792773781206999040,1847,7869
792394556390137856,4706,14418
792050063153438720,1978,7696
791821351946420224,23092,0
791784077045166082,10578,0
791780927877898241,4185,0
791774931465953280,24410,48411
791672322847637504,3426,12607
791406955684368384,4519,14056
791312159183634433,2794,9414
791026214425268224,4522,0
790987426131050500,2349,10601
790946055508652032,5153,17789
790723298204217344,2546,0
790698755171364864,2095,8778
790581949425475584,7891,22148
790337589677002753,2051,8373
790277117346975746,3496,13436
790227638568808452,3926,0
789986466051088384,2546,9911
789960241177853952,4549,0
789903600034189313,4528,11139
789628658055020548,1957,8045
789599242079838210,2126,7241
789530877013393408,3698,12606
789314372632018944,2527,9225
789280767834746880,5424,0
789268448748703744,2827,9766
789137962068021249,3067,10389
788908386943430656,13586,29359
788765914992902144,11299,29381
788552643979468800,7907,0
788412144018661376,5813,16704
788178268662984705,2322,7744
788150585577050112,1430,6584
788070120937619456,3753,0
788039637453406209,1451,6573
787810552592695296,3354,9291
787717603741622272,3049,10934
787397959788929025,3108,11614
787322443945877504,1912,8341
787111942498508800,7365,0
786963064373534720,8754,28456
786729988674449408,2648,0
786709082849828864,6673,19459
786664955043049472,2808,11398
786595970293370880,3396,10075
786363235746385920,3839,11668
786286427768250368,3137,8521
786233965241827333,5236,16375
786051337297522688,169,1541
786036967502913536,7746,0
785927819176054784,3467,12148
785872687017132033,2001,7142
785639753186217984,2429,8347
785533386513321988,2192,9740
785515384317313025,1374,6516
785264754247995392,1790,7761
785170936622350336,5327,12929
784826020293709826,3539,10836
784517518371221505,2777,9578
784431430411685888,1403,6083
784183165795655680,8825,21499
784057939640352768,12200,31948
783839966405230592,11820,32119
783821107061198850,2142,7854
783695101801398276,3526,11160
783466772167098368,2465,9025
783391753726550016,6023,18018
783347506784731136,6129,0
783334639985389568,12811,31222
783085703974514689,2430,8686
782969140009107456,8039,25757
782747134529531904,1523,7971
782722598790725632,5904,18462
782598640137187329,2046,8300
782305867769217024,6096,17797
782021823840026624,6829,0
781955203444699136,3675,11864
781661882474196992,2960,11148
781655249211752448,1227,4272
781524693396357120,6059,22150
781308096455073793,2783,7599
781251288990355457,2293,9005
781163403222056960,2988,10416
780931614150983680,8019,23101
780858289093574656,2185,7677
780800785462489090,1415,5870
780601303617732608,3637,12895
780543529827336192,1895,6726
780496263422808064,4057,0
780476555013349377,127,0
780459368902959104,1168,5638
780192070812196864,2440,9284
780092040432480260,2512,0
780074436359819264,5448,13063
779834332596887552,7746,20248
779377524342161408,3398,9401
779124354206535695,20107,0
779123168116150273,3975,12579
779056095788752897,4941,15776
778990705243029504,7930,21344
778774459159379968,10890,0
778764940568104960,401,914
778748913645780993,1449,7352
778650543019483137,1626,6148
778624900596654080,1100,4951
778408200802557953,4746,14556
778396591732486144,13362,0
778383385161035776,1206,6218
778286810187399168,3601,11081
778039087836069888,2872,9023
778027034220126208,1767,6981
777953400541634568,3846,0
777885040357281792,1789,6772
777684233540206592,3213,11961
777641927919427584,4634,0
777621514455814149,2716,9346
777189768882946048,4722,15258
776819012571455488,15001,0
776813020089548800,1319,5195
776477788987613185,3046,9423
776249906839351296,9965,0
776218204058357768,17395,31971
776201521193218049,2746,10215
776113305656188928,4743,12512
776088319444877312,166,1947
775898661951791106,17897,0
775842724423557120,2915,12475
775733305207554048,4366,14747
775729183532220416,4977,13752
775364825476165632,3235,7906
775350846108426240,4248,10794
775085132600442880,5149,16543
774757898236878852,1927,9097
774639387460112384,1887,7140
774314403806253056,6071,23161
773985732834758656,4221,11418
773922284943896577,1881,6800
773704687002451968,1774,7021
773670353721753600,1408,5656
773547596996571136,6702,23483
773336787167145985,5538,0
773308824254029826,8122,24715
773247561583001600,3491,10018
773191612633579521,4467,10615
772877495989305348,4210,9111
772826264096874500,2531,8495
772615324260794368,3669,0
772581559778025472,1838,6880
772193107915964416,1502,6387
772152991789019136,1214,4018
772117678702071809,798,3991
772114945936949249,512,2885
772102971039580160,1006,4254
771908950375665664,2055,6985
771770456517009408,3690,12748
771500966810099713,2851,8792
771380798096281600,5538,11168
771171053431250945,8213,0
771136648247640064,3187,9750
771102124360998913,1559,6628
771014301343748096,1803,7301
771004394259247104,239,0
770787852854652928,1322,5264
770772759874076672,1531,5509
770655142660169732,1891,7777
770414278348247044,2238,6680
770293558247038976,1615,6628
770093767776997377,3297,0
770069151037685760,2495,8054
769940425801170949,10476,33404
769695466921623552,1798,6779
769335591808995329,8351,0
769212283578875904,1862,5726
768970937022709760,7098,15304
768909767477751808,2927,0
768855141948723200,962,4447
768609597686943744,1316,4366
768596291618299904,1383,5327
768554158521745409,6315,0
768473857036525572,3714,14476
768193404517830656,3846,11576
767884188863397888,1522,5043
767754930266464257,5840,17003
767500508068192258,2528,7939
767191397493538821,4130,13013
767122157629476866,3091,10746
766864461642756096,6131,0
766793450729734144,1469,5384
766714921925144576,419,2762
766693177336135680,856,4275
766423258543644672,1732,6388
766313316352462849,2039,7185
766078092750233600,2820,0
766069199026450432,934,4538
766008592277377025,536,3973
765719909049503744,2331,7682
765669560888528897,1322,5511
765395769549590528,3676,28039
765371061932261376,2337,7522
765222098633691136,3669,12317
764857477905154048,1919,6819
764259802650378240,1641,6422
763956972077010945,59,786
763837565564780549,4522,13358
763183847194451968,1594,5729
763167063695355904,3264,0
763103485927849985,2468,7805
762699858130116608,3926,12886
762471784394268675,7007,11953
762464539388485633,4549,10929
762316489655476224,1221,5107
762035686371364864,16881,33904
761976711479193600,2188,5717
761750502866649088,4261,0
761745352076779520,931,4507
761672994376806400,31418,52506
761599872357261312,1270,4370
761371037149827077,19432,0
761334018830917632,1569,5504
761292947749015552,1187,4729
761227390836215808,1682,5622
761004547850530816,3753,11976
760893934457552897,1052,4041
760656994973933572,2083,6994
760641137271070720,1398,5246
760539183865880579,3927,8023
760521673607086080,1512,4471
760290219849637889,12421,28399
760252756032651264,933,4174
760190180481531904,1956,6028
760153949710192640,34,0
759943073749200896,2260,6282
759923798737051648,6131,15544
759846353224826880,2144,7115
759793422261743616,2053,6303
759566828574212096,22826,0
759557299618865152,1267,4973
759447681597108224,2648,8977
759446261539934208,525,1770
759197388317847553,2103,6400
759159934323924993,1257,0
759099523532779520,4516,15375
759047813560868866,2181,6889
758854675097526272,966,3756
758828659922702336,4143,11813
758740312047005698,1731,6059
758474966123810816,1072,4048
758467244762497024,2409,5086
758405701903519748,2083,5500
758355060040593408,1171,3624
758099635764359168,10890,20302
758041019896193024,404,2862
757741869644341248,3515,7277
757729163776290825,8752,0
757725642876129280,1313,4802
757611664640446465,1207,4823
757597904299253760,314,0
757596066325864448,1142,4598
757400162377592832,7386,16017
757393109802180609,1887,6169
757354760399941633,1537,4772
756998049151549440,2142,6626
756939218950160384,2169,7037
756651752796094464,1413,5353
756526248105566208,3902,10979
756303284449767430,1169,4172
756288534030475264,18855,45250
756275833623502848,1642,6797
755955933503782912,3122,7754
755206590534418437,5811,17394
755110668769038337,11963,22429
754874841593970688,8630,0
754856583969079297,2725,7264
754747087846248448,564,2722
754482103782404096,2103,5609
754449512966619136,792,3952
754120377874386944,2524,8274
753655901052166144,2346,6165
753420520834629632,3848,8374
753398408988139520,2074,6106
753375668877008896,2512,8051
753298634498793472,6216,0
753294487569522689,1125,3584
753039830821511168,22589,39202
753026973505581056,1052,4106
752932432744185856,7365,13337
752917284578922496,1699,7284
752701944171524096,3116,0
752682090207055872,1730,6316
752660715232722944,1702,4659
752568224206688256,2462,5830
752519690950500352,3714,7787
752334515931054080,1187,4028
752309394570878976,17994,0
752173152931807232,1990,6275
751950017322246144,1002,3244
751937170840121344,1450,5501
751830394383790080,2113,6116
751793661361422336,3137,6187
751598357617971201,3276,8336
751583847268179968,1197,4646
751538714308972544,1363,5312
751456908746354688,1076,3377
751251247299190784,6317,13188
751205363882532864,1968,6652
751132876104687617,1400,5361
750868782890057730,1493,5034
750719632563142656,5424,13922
750506206503038976,1241,4683
750429297815552001,4634,13889
750383411068534784,1224,4801
750381685133418496,31,729
750147208377409536,1037,3269
750132105863102464,1371,3824
750117059602808832,1403,4567
750101899009982464,907,3197
750086836815486976,588,2288
750071704093859840,3596,8295
750056684286914561,962,3308
750041628174217216,666,3344
750026558547456000,847,2859
750011400160841729,975,3421
749996283729883136,872,3201
749981277374128128,2637,5379
749774190421639168,1410,4893
749417653287129088,1789,6419
749403093750648834,587,2768
749395845976588288,3725,9062
749317047558017024,2379,5773
749075273010798592,2225,6063
749064354620928000,1624,5046
749036806121881602,841,3264
748977405889503236,3651,11281
748932637671223296,2425,6152
748705597323898880,1020,2912
748699167502000129,1716,4983
748692773788876800,1426,4461
748575535303884801,2135,6386
748568946752774144,720,2298
748346686624440324,1333,5500
748337862848962560,4424,8107
748324050481647620,821,3892
748307329658011649,764,3852
748220828303695873,8366,14879
747963614829678593,2303,6083
747933425676525569,2737,6966
747885874273214464,1058,3102
747844099428986880,806,2952
747816857231626240,1246,5093
747651430853525504,168,1453
747648653817413632,6273,13561
747600769478692864,588,2436
747594051852075008,1126,3887
747512671126323200,1701,5835
747461612269887489,1103,4062
747439450712596480,2064,5709
747242308580548608,3086,0
747219827526344708,1698,5544
747204161125646336,989,3546
747103485104099331,4278,10065
746906459439529985,317,3029
746872823977771008,2304,6300
746818907684614144,1851,5567
746790600704425984,1704,5118
746757706116112384,4185,10055
746726898085036033,1918,6336
746542875601690625,1999,5281
746521445350707200,1055,0
746507379341139972,1160,4863
746369468511756288,1763,6470
746131877086527488,2358,7259
746056683365994496,872,3723
745789745784041472,1142,4231
745712589599014916,2481,7336
745433870967832576,2715,7448
745422732645535745,2599,8998
745314880350101504,2967,7529
745074613265149952,3779,8224
745057283344719872,2434,7595
744995568523612160,667,3113
744971049620602880,2883,8268
744709971296780288,1670,5862
744334592493166593,2285,7097
744234799360020481,83685,164329
744223424764059648,398,1772
743980027717509120,1163,4356
743895849529389061,1023,3821
743835915802583040,2232,0
743609206067040256,1476,4694
743595368194129920,7029,19365
743545585370791937,998,3694
743510151680958465,3948,8292
743253157753532416,1303,4434
743222593470234624,2034,6489
743210557239623680,1459,4024
742534281772302336,3796,7383
742528092657332225,2132,4647
742465774154047488,4154,7606
742423170473463808,4057,10308
742385895052087300,2124,7127
742161199639494656,1471,4551
742150209887731712,1665,5383
741793263812808706,1611,4775
741743634094141440,2954,8562
741438259667034112,892,3842
741303864243200000,3459,9188
741099773336379392,5927,10523
741067306818797568,3297,9895
740995100998766593,2956,6704
740711788199743490,996,3569
740699697422163968,837,2968
740676976021798912,7254,19027
740373189193256964,14192,36464
740365076218183684,467,2591
740359016048689152,913,3452
740214038584557568,2102,7000
739979191639244800,6315,20918
739932936087216128,1151,4244
739844404073074688,913,3972
739623569819336705,1451,3980
739606147276148736,1768,5632
739544079319588864,22826,41561
739485634323156992,3137,7529
739238157791694849,61982,121363
738891149612572673,6,113
738885046782832640,1218,3940
738883359779196928,867,3493
738537504001953792,1665,5336
738402415918125056,899,3411
738184450748633089,1292,4505
738166403467907072,3635,9214
738156290900254721,699,2651
737826014890496000,1876,5517
737800304142471168,3690,10456
737678689543020544,1427,5276
737445876994609152,4758,10774
737322739594330112,864,3776
737310737551491075,7909,15359
736736130620620800,1847,4511
736392552031657984,7907,18580
736365877722001409,1336,4172
736225175608430592,2951,8500
736010884653420544,3169,8258
735991953473572864,1224,3762
735648611367784448,1171,4193
735635087207878657,2501,6465
735274964362878976,5411,13599
735256018284875776,945,3496
735137028879360001,1031,3270
734912297295085568,549,2860
734787690684657664,6709,13132
734776360183431168,582,2620
734559631394082816,421,1565
733828123016450049,828,3752
733822306246479872,1075,3834
733482008106668032,1012,3287
733460102733135873,1361,4398
733109485275860992,17897,51490
732732193018155009,569,2551
732726085725589504,942,3690
732585889486888962,821,3853
732375214819057664,2690,8450
732005617171337216,5814,15615
731285275100512256,1048,3644
731156023742988288,1352,4009
730924654643314689,2105,6404
730573383004487680,2293,5140
730427201120833536,1109,3622
730211855403241472,1125,4000
730196704625098752,2045,5108
729854734790754305,1200,4210
729838605770891264,409,1783
729823566028484608,1317,4165
729463711119904772,2459,6057
729113531270991872,349,1970
728986383096946689,871,3300
728760639972315136,1813,4880
728751179681943552,721,2893
728653952833728512,1105,3452
728409960103686147,2131,5122
728387165835677696,1019,3829
728046963732717569,1252,4493
728035342121635841,1772,4753
728015554473250816,1162,4274
727685679342333952,678,3059
727644517743104000,1853,6156
727524757080539137,1295,4664
727314416056803329,799,3473
727286334147182592,870,3179
727175381690781696,1462,4036
727155742655025152,1405,3795
726935089318363137,2605,7183
726887082820554753,1598,4006
726828223124897792,1070,3702
726224900189511680,1221,4608
725842289046749185,2820,7362
725786712245440512,1446,4340
725729321944506368,1888,5407
725458796924002305,662,1469
724983749226668032,1384,3868
724771698126512129,681,2472
724405726123311104,1750,5532
724049859469295616,1874,4506
724046343203856385,592,2777
724004602748780546,1674,4362
723912936180330496,1299,4064
723688335806480385,3169,8033
723673163800948736,945,3154
723179728551723008,1991,5522
722974582966214656,1668,4292
722613351520608256,1738,5179
721503162398597120,1987,4852
721001180231503872,655,2633
720785406564900865,816,3244
720775346191278080,720,2584
720415127506415616,1587,4303
720389942216527872,2676,6684
720340705894408192,1037,2991
720059472081784833,1193,4048
720043174954147842,2132,5112
719991154352222208,1854,5040
719704490224398336,1541,4756
719551379208073216,2043,5267
719367763014393856,786,2910
719339463458033665,1330,4598
719332531645071360,1015,3564
718971898235854848,1163,3641
718939241951195136,1872,5468
718631497683582976,8571,19705
718613305783398402,512,2535
718540630683709445,1075,2589
718460005985447936,561,2808
718454725339934721,1600,5072
718246886998687744,531,2012
718234618122661888,1067,4045
717841801130979328,630,2556
717790033953034240,1197,3011
717537687239008257,1953,5995
717428917016076293,483,1675
717421804990701568,895,3289
717047459982213120,2028,6532
717009362452090881,1034,3409
716802964044845056,1250,4464
716791146589110272,1523,6239
716730379797970944,454,1283
716447146686459905,6261,13667
716439118184652801,226,2470
716285507865542656,1152,2895
716080869887381504,2038,7009
715928423106027520,928,3329
715758151270801409,1511,3900
715733265223708672,1794,4872
715704790270025728,601,2910
715696743237730304,1363,4070
715680795826982913,1719,4511
715360349751484417,1673,5702
715342466308784130,724,3157
715220193576927233,694,2518
715200624753819648,2003,5339
715009755312439296,1317,4339
714982300363173890,1100,3916
714962719905021952,4537,7683
714957620017307648,1508,4312
714631576617938945,1068,3409
714606013974974464,984,3781
714485234495041536,1230,2827
714258258790387713,759,3139
714251586676113411,893,3405
714214115368108032,934,2363
714141408463036416,1493,4494
713919462244790272,827,3417
713909862279876608,577,1998
713900603437621249,786,2956
713761197720473600,1462,5091
713411074226274305,1373,4598
713177543487135744,3005,7515
713175907180089344,1549,4648
712809025985978368,7154,19404
712717840512598017,5312,12886
712668654853337088,1290,4329
712438159032893441,1663,5559
712309440758808576,25,256
712097430750289920,1102,3969
712092745624633345,953,3072
712085617388212225,512,3384
712065007010385924,664,2363
711998809858043904,134,0
711968124745228288,2455,8408
711743778164514816,1045,2961
711732680602345472,4376,9280
711694788429553666,19432,34284
711652651650457602,979,4040
711363825979756544,1202,3818
711306686208872448,778,3458
711008018775851008,657,3130
710997087345876993,1478,4752
710844581445812225,735,2656
710833117892898816,574,2807
710658690886586372,600,2409
710609963652087808,2499,5002
710588934686908417,1996,4747
710296729921429505,784,2471
710283270106132480,548,2229
710272297844797440,1339,4730
710269109699739648,1198,2504
710153181850935296,951,3040
710140971284037632,951,2893
710117014656950272,2116,5749
709918798883774466,1135,3114
709901256215666688,105,706
709852847387627521,1270,3659
709566166965075968,1280,3696
709556954897764353,1130,3434
709519240576036864,255,1551
709449600415961088,617,2325
709409458133323776,737,2725
709225125749587968,608,2508
709207347839836162,6208,13165
709198395643068416,679,2518
709179584944730112,714,2106
709158332880297985,448,2128
709042156699303936,1747,4968
708853462201716736,697,1871
708845821941387268,952,3109
708834316713893888,538,1767
708810915978854401,7386,17237
708738143638450176,869,2865
708711088997666817,771,2665
708479650088034305,716,2662
708469915515297792,872,3218
708400866336894977,10762,16746
708356463048204288,1419,3772
708349470027751425,785,2455
708149363256774660,1641,4468
708130923141795840,891,3542
708119489313951744,1042,2804
708109389455101952,578,2018
708026248782585858,2035,4566
707995814724026368,1193,3269
707983188426153984,2,51
707969809498152960,1033,2813
707776935007539200,1008,3428
707741517457260545,652,2606
707738799544082433,2631,4282
707693576495472641,1068,3600
707629649552134146,939,2696
707610948723478529,6829,17737
707420581654872064,738,2380
707411934438625280,634,2383
707387676719185920,1385,3663
707377100785885184,1150,3432
707315916783140866,683,2590
707297311098011648,846,2891
707059547140169728,722,2697
707038192327901184,845,2295
707021089608753152,1458,4255
707014260413456384,636,2409
706904523814649856,8351,15267
706901761596989440,640,2162
706681918348251136,1029,3476
706644897839910912,1166,2699
706593038911545345,669,2256
706538006853918722,1503,3619
706516534877929472,1105,3238
706346369204748288,983,3607
706310011488698368,8498,22399
706291001778950144,499,1775
706265994973601792,980,2858
706169069255446529,2369,4087
706166467411222528,1715,5385
706153300320784384,410,1556
705975130514706432,783,3245
705970349788291072,948,3286
705898680587526145,596,2487
705786532653883392,560,2041
705591895322394625,1224,3316
705475953783398401,982,3089
705442520700944385,1746,4657
705428427625635840,1800,3995
705239209544720384,797,3134
705223444686888960,859,2697
705102439679201280,544,2247
705066031337840642,642,2274
704871453724954624,1182,4463
704859558691414016,582,2360
704847917308362754,1631,5349
704819833553219584,1064,2757
704761120771465216,3086,6932
704499785726889984,1065,3076
704491224099647488,88,802
704480331685040129,1127,3552
704364645503647744,3784,8410
704347321748819968,372,1665
704134088924532736,499,1582
704113298707505153,599,1942
704054845121142784,972,3053
703774238772166656,497,1927
703769065844768768,1209,3444
703631701117943808,733,2714
703611486317502464,1617,4043
703425003149250560,1461,3971
703407252292673536,738,2566
703382836347330562,1209,3668
703356393781329922,410,2002
703268521220972544,582,2058
703079050210877440,3303,7739
703041949650034688,13362,27629
702932127499816960,768,2709
702899151802126337,483,1684
702684942141153280,1151,3371
702671118226825216,600,2300
702598099714314240,3485,10829
702539513671897089,1018,3007
702332542343577600,1657,3342
702321140488925184,1099,3437
702276748847800320,813,2586
702217446468493312,1425,5029
701981390485725185,1056,3611
701952816642965504,1087,3995
701889187134500865,1469,3721
701805642395348998,1811,3597
701601587219795968,486,2187
701570477911896070,997,2954
701545186879471618,654,2786
701214700881756160,5453,12799
700890391244103680,614,2319
700864154249383937,652,2712
700847567345688576,532,2543
700796979434098688,1025,2545
700747788515020802,9965,23927
700518061187723268,854,2763
700505138482569216,607,2386
700462010979500032,1916,4334
700167517596164096,793,2770
700151421916807169,705,2348
700143752053182464,2927,7895
700062718104104960,742,2776
700029284593901568,623,2167
700002074055016451,1435,3470
699801817392291840,1018,3205
699788877217865730,529,2349
699779630832685056,1324,2899
699775878809702401,643,2053
699691744225525762,4895,10743
699446877801091073,2789,6220
699434518667751424,541,2271
699423671849451520,351,1438
699413908797464576,655,2168
699370870310113280,467,1971
699323444782047232,919,3309
699088579889332224,669,2347
699079609774645248,699,2571
699072405256409088,1265,3153
699060279947165696,1925,3960
699036661657767936,1272,2725
698989035503689728,1047,3539
698953797952008193,962,2833
698907974262222848,663,2657
698710712454139905,726,2597
698703483621523456,405,1519
698635131305795584,363,1347
698549713696649216,660,2435
698355670425473025,482,1960
698342080612007937,1007,2369
698262614669991936,2136,4974
698195409219559425,6352,17558
698178924120031232,789,2934
697995514407682048,354,1604
697990423684476929,1380,3446
697943111201378304,733,2507
697881462549430272,1271,3157
697630435728322560,574,1836
697616773278015490,1079,3312
697596423848730625,1346,3169
697575480820686848,535,2137
697516214579523584,1205,2177
697482927769255936,717,2533
697463031882764288,1471,3572
697270446429966336,1983,4900
697259378236399616,1063,3442
697255105972801536,1233,3163
697242256848379904,710,2635
696900204696625153,1091,3331
696894894812565505,720,2445
696886256886657024,1915,5078
696877980375769088,759,2550
696754882863349760,378,1545
696744641916489729,1001,2162
696713835009417216,688,2487
696518437233913856,1810,4081
696490539101908992,155,1276
696488710901260288,1101,2660
696405997980676096,1214,3370
696100768806522880,709,2026
695816827381944320,1243,3148
695794761660297217,835,3344
695767669421768709,795,1960
695629776980148225,2236,4780
695446424020918272,1935,4573
695409464418041856,3806,9055
695314793360662529,1566,3803
695095422348574720,655,2765
695074328191332352,1179,2975
695064344191721472,640,1684
695051054296211456,839,2792
694925794720792577,973,2820
694905863685980160,992,2883
694669722378485760,15415,37461
694356675654983680,308,1574
694352839993344000,662,2132
694342028726001664,518,1649
694329668942569472,533,2103
694206574471057408,2161,4385
694183373896572928,991,3084
694001791655137281,1097,3556
693993230313091072,430,1962
693942351086120961,394,1814
693647888581312512,634,2827
693644216740769793,135,1409
693642232151285760,445,2657
693629975228977152,852,2566
693622659251335168,395,1618
693590843962331137,2106,5308
693582294167244802,271,1721
693486665285931008,674,1868
693280720173801472,1321,3522
693267061318012928,870,2500
693262851218264065,534,2336
693231807727280129,782,3006
693155686491000832,3408,8263
693109034023534592,654,1800
693095443459342336,491,1964
692919143163629568,797,2801
692905862751522816,934,2552
692901601640583168,646,1868
692894228850999298,863,2390
692828166163931137,938,3020
692752401762250755,3871,7151
692568918515392513,1641,4558
692535307825213440,1449,3353
692530551048294401,445,1935
692423280028966913,245,1548
692417313023332352,3705,9776
692187005137076224,873,2642
692158366030913536,847,2255
692142790915014657,419,1720
692041934689402880,1358,3560
692017291282812928,1015,3002
691820333922455552,1767,4138
691793053716221953,4478,8500
691756958957883396,1088,3034
691675652215414786,542,2036
691483041324204033,603,2489
691459709405118465,1229,4258
691444869282295808,899,2783
691416866452082688,8171,20253
691321916024623104,704,2695
691096613310316544,946,3103
691090071332753408,358,1794
690989312272396288,3057,6187
690959652130045952,1341,3766
690938899477221376,2123,4329
690932576555528194,1090,3440
690735892932222976,1366,3960
690728923253055490,553,2275
690690673629138944,854,2437
690649993829576704,297,1370
690607260360429569,17,304
690597161306841088,644,2059
690400367696297985,485,1963
690374419777196032,918,3421
690360449368465409,951,2766
690348396616552449,549,1580
690248561355657216,438,1760
690021994562220032,1103,2924
690015576308211712,789,2636
690005060500217858,1801,3846
689999384604450816,397,1495
689993469801164801,484,1535
689977555533848577,476,1433
689905486972461056,739,2547
689877686181715968,1260,3174
689835978131935233,802,2261
689661964914655233,992,3355
689659372465688576,4135,10862
689623661272240129,685,2335
689599056876867584,5906,12172
689557536375177216,491,2147
689517482558820352,1524,3561
689289219123089408,998,2368
689283819090870273,1181,3448
689280876073582592,765,2088
689275259254616065,260,1213
689255633275777024,1157,2682
689154315265683456,1070,3215
689143371370250240,546,2122
688916208532455424,929,2867
688908934925697024,825,2218
688898160958271489,841,2203
688894073864884227,739,2344
688828561667567616,397,1453
688804835492233216,206,1007
688789766343622656,708,2327
688547210804498433,751,2743
688519176466644993,785,2428
688385280030670848,4754,9746
688211956440801280,888,2334
688179443353796608,625,2218
688116655151435777,833,2962
688064179421470721,382,1811
687841446767013888,2697,5735
687826841265172480,1201,2857
687818504314159109,1010,2619
687807801670897665,748,2507
687732144991551489,700,1850
687704180304273409,891,2559
687664829264453632,545,2030
687494652870668288,612,2005
687480748861947905,258,1678
687476254459715584,569,2072
687460506001633280,581,2151
687399393394311168,668,1986
687317306314240000,9753,21076
687312378585812992,2026,4574
687127927494963200,2443,5733
687124485711986689,538,2269
687109925361856513,2631,6100
687102708889812993,1057,2454
687096057537363968,646,2355
686947101016735744,3394,9041
686760001961103360,1471,3686
686749460672679938,1554,3639
686730991906516992,1279,4353
686683045143953408,858,2945
686618349602762752,1453,3871
686606069955735556,581,1986
686394059078897668,725,1830
686386521809772549,939,3413
686377065986265092,599,2330
686358356425093120,723,2308
686286779679375361,1778,4198
686050296934563840,780,2313
686035780142297088,129,1214
686034024800862208,1243,3270
686007916130873345,449,2602
686003207160610816,677,1912
685973236358713344,561,2215
685943807276412928,644,1710
685906723014619143,3113,7891
685681090388975616,134,2127
685667379192414208,612,2457
685663452032069632,1569,3418
685641971164143616,831,3082
685547936038666240,16759,34604
685532292383666176,1231,3193
685325112850124800,4261,9951
685321586178670592,686,2778
685315239903100929,1155,3515
685307451701334016,470,2171
685268753634967552,1289,3242
685198997565345792,712,2446
685169283572338688,1519,4302
684969860808454144,403,2481
684959798585110529,3347,7152
684940049151070208,1116,3378
684926975086034944,499,3674
684914660081053696,1565,3682
684902183876321280,568,1973
684880619965411328,875,2206
684830982659280897,23092,36758
684800227459624960,1064,2842
684594889858887680,3784,9372
684588130326986752,1497,4323
684567543613382656,1315,3154
684538444857667585,1022,2779
684481074559381504,1248,4061
684460069371654144,593,2080
684241637099323392,3536,8551
684225744407494656,226,1293
684222868335505415,1470,4027
684200372118904832,1102,2271
684195085588783105,556,2011
684188786104872960,1253,3648
684177701129875456,720,2115
684147889187209216,1598,3125
684122891630342144,506,2088
684097758874210310,1539,4315
683857920510050305,1193,3984
683852578183077888,375,2018
683849932751646720,1047,2749
683834909291606017,1187,2748
683828599284170753,1132,2931
683773439333797890,1453,3511
683742671509258241,3554,6824
683515932363329536,3116,7719
683498322573824003,1028,3332
683481228088049664,1064,2766
683462770029932544,713,2547
683449695444799489,1724,4088
683391852557561860,2552,7986
683357973142474752,1000,3079
683142553609318400,1113,3027
683111407806746624,973,3561
683098815881154561,705,2273
683078886620553216,600,2077
683030066213818368,780,2259
682962037429899265,17852,38762
682808988178739200,193,1859
682788441537560576,1192,2587
682750546109968385,467,1594
682697186228989953,384,1373
682662431982772225,1158,3194
682638830361513985,644,2153
682429480204398592,1246,3602
682406705142087680,1885,7960
682393905736888321,730,2352
682389078323662849,501,1745
682303737705140231,1070,3227
682259524040966145,1299,4371
682242692827447297,1264,3408
682088079302213632,10578,19188
682059653698686977,1806,5196
682047327939461121,1029,3359
682032003584274432,2150,6901
682003177596559360,1639,3297
681981167097122816,1104,2924
681891461017812993,883,2586
681694085539872773,4331,13391
681679526984871937,480,1847
681654059175129088,990,2764
681610798867845120,508,2000
681579835668455424,1391,3712
681523177663676416,6216,15001
681340665377193984,298,1716
681339448655802368,4350,9729
681320187870711809,808,2778
681302363064414209,1961,4134
681297372102656000,1027,3353
681281657291280384,1179,3373
681261549936340994,294,1525
681242418453299201,577,1571
681231109724700672,517,2510
681193455364796417,1598,3888
680970795137544192,712,2545
680959110691590145,2135,4770
680940246314430465,1129,3369
680934982542561280,471,2176
680913438424612864,661,2504
680889648562991104,391,1850
680836378243002368,1423,3621
680805554198020098,708,2266
680801747103793152,887,2485
680798457301471234,1115,2991
680609293079592961,763,2762
680583894916304897,1439,3794
680497766108381184,2042,4435
680494726643068929,514,1795
680473011644985345,797,2668
680440374763077632,538,1521
680221482581123072,306,1519
680206703334408192,1259,2976
680191257256136705,540,2246
680176173301628928,1679,4088
680161097740095489,785,2427
680145970311643136,1866,3793
680130881361686529,1017,2394
680115823365742593,970,2839
680100725817409536,1456,3741
680085611152338944,9537,13408
680070545539371008,936,2698
679877062409191424,688,2063
679872969355714560,711,2283
679862121895714818,666,2574
679854723806179328,1315,3001
679844490799091713,817,2480
679828447187857408,15001,37941
679777920601223168,1192,3222
679736210798047232,844,2182
679729593985699840,875,2262
679722016581222400,500,1734
679530280114372609,2208,4979
679527802031484928,770,2766
679511351870550016,1356,3516
679503373272485890,1579,3290
679475951516934144,685,2189
679462823135686656,20107,33163
679405845277462528,1283,2484
679158373988876288,8630,22420
679148763231985668,1099,2888
679132435750195208,1233,3089
679111216690831360,2728,6212
679062614270468097,8752,17819
679047485189439488,725,2349
679001094530465792,1315,2950
678991772295516161,1255,2432
678969228704284672,493,1715
678800283649069056,961,2690
678798276842360832,1265,3631
678774928607469569,980,2921
678767140346941444,1457,3684
678764513869611008,507,1708
678755239630127104,3522,7448
678740035362037760,1808,3915
678708137298427904,2582,5803
678675843183484930,1577,2997
678643457146150913,451,2144
678446151570427904,1664,4165
678424312106393600,2696,5633
678410210315247616,1941,4409
678399652199309312,33797,82393
678396796259975168,447,1657
678389028614488064,446,1948
678380236862578688,966,2542
678341075375947776,569,1793
678334497360859136,278,1351
678278586130948096,6459,11933
678255464182861824,396,1645
678023323247357953,409,2007
678021115718029313,6769,14328
677961670166224897,1788,3555
677918531514703872,435,1405
677895101218201600,2237,5025
677716515794329600,1025,3176
677700003327029250,1530,3530
677698403548192770,338,1277
677687604918272002,894,2575
677673981332312066,1589,3470
677662372920729601,1033,2028
677644091929329666,844,1942
677573743309385728,766,2226
677565715327688705,483,1343
677557565589463040,1233,2537
677547928504967168,3861,7193
677530072887205888,240,1114
677335745548390400,1895,3152
677334615166730240,311,1406
677331501395156992,249,1133
677328882937298944,1585,3774
677314812125323265,568,1706
677301033169788928,434,1289
677269281705472000,744,2073
677228873407442944,1735,3676
677187300187611136,977,2832
676975532580409345,1132,2885
676957860086095872,852,2292
676949632774234114,421,1349
676948236477857792,921,2258
676946864479084545,399,1769
676942428000112642,802,2148
676936541936185344,5184,13168
676916996760600576,1904,3072
676897532954456065,762,2340
676864501615042560,750,2182
676821958043033607,16505,23880
676819651066732545,703,1867
676811746707918848,446,1463
676776431406465024,2114,5169
676617503762681856,1038,3001
676613908052996102,206,1127
676606785097199616,462,1948
676603393314578432,409,1206
676593408224403456,2280,4734
676590572941893632,134,947
676588346097852417,843,2413
676582956622721024,294,1249
676575501977128964,1183,2687
676533798876651520,589,1947
676496375194980353,564,1572
676470639084101634,4926,12008
676440007570247681,698,1779
676430933382295552,363,1446
676263575653122048,579,2147
676237365392908289,309,1265
676219687039057920,32655,77385
676215927814406144,616,1795
676191832485810177,1080,2352
676146341966438401,702,1983
676121918416756736,1219,2221
676101918813499392,1221,2907
676098748976615425,1516,3109
676089483918516224,451,1356
675898130735476737,599,1688
675891555769696257,915,2196
675888385639251968,1006,2452
675878199931371520,1468,4307
675870721063669760,600,1691
675853064436391936,1361,2774
675849018447167488,157,973
675845657354215424,932,2359
675822767435051008,561,1576
675820929667219457,241,1083
675798442703122432,3561,10565
675781562965868544,495,1668
675740360753160193,365,1202
675710890956750848,865,1946
675707330206547968,728,2041
675706639471788032,103,665
675534494439489536,437,1873
675531475945709568,404,1221
675522403582218240,299,1072
675517828909424640,479,1343
675501075957489664,6088,17632
675497103322386432,1357,3233
675489971617296384,623,1342
675483430902214656,1018,1901
675432746517426176,596,1570
675372240448454658,531,1746
675362609739206656,239,1080
675354435921575936,17994,33747
675349384339542016,2367,4025
675334060156301312,1355,2865
675166823650848770,1684,3715
675153376133427200,2734,6461
675149409102012420,1761,3846
675147105808306176,253,970
675146535592706048,328,1228
675145476954566656,946,2191
675135153782571009,514,1335
675113801096802304,816,2002
675111688094527488,265,989
675109292475830276,1186,2872
675047298674663426,342,1092
675015141583413248,1254,2786
675006312288268288,236,1011
675003128568291329,492,1594
674999807681908736,1145,2305
674805413498527744,370,880
674800520222154752,895,3080
674793399141146624,1135,2566
674790488185167872,262,1133
674788554665512960,218,834
674781762103414784,1255,2056
674774481756377088,494,1153
674767892831932416,824,1875
674764817387900928,247,802
674754018082705410,466,1395
674752233200820224,485,1496
674743008475090944,578,1441
674742531037511680,53,501
674739953134403584,411,1138
674737130913071104,96,664
674690135443775488,486,1177
674670581682434048,680,1654
674664755118911488,264,944
674646392044941312,521,1473
674644256330530816,281,1055
674638615994089473,605,1723
674632714662858753,602,1543
674606911342424069,102,961
674468880899788800,2144,6376
674447403907457024,372,1089
674436901579923456,410,1142
674422304705744896,556,1470
674416750885273600,146,700
674410619106390016,484,1228
674394782723014656,596,1531
674372068062928900,323,865
674330906434379776,76,577
674318007229923329,534,1446
674307341513269249,7229,11585
674291837063053312,6129,15070
674271431610523648,756,1604
674269164442398721,234,920
674265582246694913,885,1675
674262580978937856,471,1333
674255168825880576,581,1502
674082852460433408,176,773
674075285688614912,299,1000
674063288070742018,2303,6505
674053186244734976,1349,3391
674051556661161984,501,1475
674045139690631169,660,1448
674042553264685056,133,739
674038233588723717,425,1128
674036086168010753,223,863
674024893172875264,1274,1823
674019345211760640,309,1157
674014384960745472,672,1594
674008982932058114,368,1227
673956914389192708,1000,1987
673919437611909120,380,1191
673906403526995968,1676,3257
673887867907739649,259,952
673716320723169284,787,3133
673715861853720576,2160,3611
673711475735838725,305,1057
673709992831262724,284,862
673708611235921920,299,1097
673707060090052608,405,1114
673705679337693185,413,1277
673700254269775872,592,1469
673697980713705472,2028,3871
673689733134946305,670,1771
673688752737402881,512,1287
673686845050527744,453,1470
673680198160809984,483,1397
673662677122719744,371,1276
673656262056419329,251,731
673636718965334016,373,1133
673612854080196609,742,1614
673583129559498752,380,1213
673580926094458881,276,849
673576835670777856,579,1411
673363615379013632,317,1043
673359818736984064,692,1483
673355879178194945,602,1517
673352124999274496,552,1681
673350198937153538,220,756
673345638550134785,1322,2572
673343217010679808,278,989
673342308415348736,606,1298
673320132811366400,8213,13714
673317986296586240,268,884
673295268553605120,3264,7660
673270968295534593,381,1082
673240798075449344,754,1442
673213039743795200,875,2296
673148804208660480,650,1727
672997845381865473,742,2000
672995267319328768,307,973
672988786805112832,301,997
672984142909456390,561,1270
672980819271634944,1033,1848
672975131468300288,942,1715
672970152493887488,366,964
672968025906282496,562,1336
672964561327235073,658,1443
672902681409806336,520,1391
672898206762672129,436,918
672884426393653248,853,1580
672877615439593473,380,1053
672834301050937345,586,1333
672828477930868736,506,1271
672640509974827008,330,988
672622327801233409,511,1315
672614745925664768,600,1242
672609152938721280,399,1133
672604026190569472,411,1133
672594978741354496,622,1352
672591762242805761,344,965
672591271085670400,189,742
672538107540070400,378,1049
672523490734551040,178,650
672488522314567680,449,1134
672482722825261057,622,1152
672481316919734272,128,726
672475084225949696,718,1455
672466075045466113,554,1376
672272411274932228,3490,6560
672267570918129665,630,1527
672264251789176834,347,1163
672256522047614977,1599,2859
672254177670729728,762,1459
672248013293752320,627,1751
672245253877968896,162,700
672239279297454080,329,908
672231046314901505,1042,1862
672222792075620352,216,799
672205392827572224,1187,2299
672169685991993344,379,1037
672160042234327040,369,880
672139350159835138,734,1777
672125275208069120,1171,2450
672095186491711488,376,1013
672082170312290304,375,955
672068090318987265,529,1317
671896809300709376,4278,8602
671891728106971137,584,1347
671882082306625538,1414,3521
671879137494245376,701,1447
671874878652489728,576,1268
671866342182637568,516,1141
671855973984772097,461,922
671789708968640512,3587,7171
671768281401958400,540,1212
671763349865160704,949,1710
671744970634719232,792,1365
671743150407421952,237,751
671735591348891648,778,1476
671729906628341761,4476,8635
671561002136281088,7427,13022
671550332464455680,212,928
671547767500775424,612,1374
671544874165002241,1074,2014
671542985629241344,582,1106
671538301157904385,406,940
671536543010570240,420,1195
671533943490011136,592,1034
671528761649688577,265,850
671520732782923777,540,1420
671518598289059840,301,967
671511350426865664,744,1631
671504605491109889,3640,7135
671497587707535361,457,929
671488513339211776,479,1026
671486386088865792,211,588
671485057807351808,237,774
671390180817915904,751,1444
671362598324076544,301,1126
671357843010908160,150,404
671355857343524864,116,485
671347597085433856,439,975
671186162933985280,218,749
671182547775299584,353,1145
671166507850801152,360,888
671163268581498880,1137,1685
671159727754231808,84,383
671154572044468225,225,730
671151324042559489,158,683
671147085991960577,233,686
671141549288370177,671,1182
671138694582165504,416,946
671134062904504320,199,761
671122204919246848,2593,3548
671115716440031232,795,1380
671109016219725825,452,1163
670995969505435648,300,1122
670842764863651840,8972,24966
670840546554966016,199,606
670838202509447168,715,1133
670833812859932673,128,457
670832455012716544,225,747
670826280409919488,4166,5646
670823764196741120,197,790
670822709593571328,99,624
670815497391357952,1578,3222
670811965569282048,276,1148
670807719151067136,502,1173
670804601705242624,983,2001
670803562457407488,89,347
670797304698376195,243,747
670792680469889025,285,846
670789397210615808,246,672
670786190031921152,206,610
670783437142401025,406,834
670782429121134593,794,1594
670780561024270336,297,797
670778058496974848,74,334
670764103623966721,436,1088
670755717859713024,114,448
670733412878163972,525,978
670727704916926465,370,840
670717338665226240,509,1229
670704688707301377,383,776
670691627984359425,250,599
670679630144274432,290,759
670676092097810432,44,253
670668383499735048,5185,10884
670474236058800128,784,1558
670468609693655041,87,356
670465786746662913,568,980
670452855871037440,213,557
670449342516494336,687,1209
670444955656130560,2032,6819
670442337873600512,203,650
670435821946826752,531,1065
670434127938719744,662,1428
670433248821026816,117,331
670428280563085312,650,1407
670427002554466305,167,525
670421925039075328,651,1331
670420569653809152,325,634
670417414769758208,326,578
670411370698022913,923,2058
670408998013820928,231,566
670403879788544000,161,441
670385711116361728,217,566
670374371102445568,277,756
670361874861563904,69,332
670338931251150849,114,432
670319130621435904,1257,3918
670303360680108032,139,433
670290420111441920,294,718
670093938074779648,345,1045
670086499208155136,261,710
670079681849372674,1275,2252
670073503555706880,811,1597
670069087419133954,250,639
670061506722140161,353,779
670055038660800512,340,681
670046952931721218,181,655
670040295598354432,115,769
670037189829525505,286,597
670003130994700288,96,338
669993076832759809,87,329
669972011175813120,167,453
669970042633789440,62,308
669942763794931712,170,515
669926384437997569,108,380
669923323644657664,59,239
669753178989142016,412,826
669749430875258880,67,272
669684865554620416,91,527
669683899023405056,114,395
669682095984410625,136,358
669680153564442624,296,676
669661792646373376,452,816
669625907762618368,1860,3583
669603084620980224,371,957
669597912108789760,154,518
669583744538451968,953,1512
669573570759163904,146,441
669571471778410496,1044,1614
669567591774625800,58,241
669564461267722241,128,393
669393256313184256,79,372
669375718304980992,751,1356
669371483794317312,186,504
669367896104181761,163,472
669363888236994561,235,634
669359674819481600,127,374
669354382627049472,1303,2749
669353438988365824,266,657
669351434509529089,192,448
669328503091937280,426,1025
669327207240699904,119,585
669324657376567296,213,503
669216679721873412,414,1204
669214165781868544,174,444
669203728096960512,491,1016
669037058363662336,321,667
669015743032369152,382,753
669006782128353280,258,586
669000397445533696,6535,21180
668994913074286592,239,449
668992363537309700,356,751
668989615043424256,337,693
668988183816871936,485,910
668986018524233728,173,563
668981893510119424,317,545
668979806671884288,356,804
668975677807423489,597,1326
668967877119254528,25,148
668960084974809088,245,716
668955713004314625,74,285
668932921458302977,59,269
668902994700836864,103,324
668892474547511297,154,401
668872652652679168,308,537
668852170888998912,171,459
668826086256599040,141,441
668815180734689280,278,583
668779399630725120,380,712
668655139528511488,223,540
668645506898350081,550,908
668643542311546881,542,890
668641109086707712,553,1096
668636665813057536,500,1056
668633411083464705,1692,2857
668631377374486528,325,731
668627278264475648,118,323
668625577880875008,138,394
668623201287675904,793,1457
668620235289837568,44,206
668614819948453888,321,621
668587383441514497,1103,1691
668567822092664832,57,248
668544745690562560,232,528
668542336805281792,221,469
668537837512433665,77,255
668528771708952576,232,471
668507509523615744,111,330
668496999348633600,135,420
668484198282485761,241,432
668480044826800133,152,469
668466899341221888,526,896
668297328638447616,304,629
668291999406125056,32,247
668286279830867968,142,514
668274247790391296,235,837
668268907921326080,243,561
668256321989451776,633,1320
668248472370458624,501,1008
668237644992782336,2909,6289
668226093875376128,106,304
668221241640230912,203,517
668204964695683073,200,558
668190681446379520,200,660
668171859951755264,201,500
668154635664932864,323,504
668142349051129856,294,574
668113020489474048,248,671
667937095915278337,809,1280
667924896115245057,113,306
667915453470232577,58,212
667911425562669056,310,494
667902449697558528,384,859
667886921285246976,1114,1906
667885044254572545,499,824
667878741721415682,122,395
667873844930215936,416,632
667866724293877760,1055,3031
667861340749471744,78,244
667832474953625600,63,291
667806454573760512,506,1065
667801013445750784,97,330
667793409583771648,336,707
667782464991965184,248,414
667773195014021121,58,237
667766675769573376,220,446
667728196545200128,152,379
667724302356258817,324,488
667550904950915073,35,0
667550882905632768,33,0
667549055577362432,2323,5844
667546741521195010,126,337
667544320556335104,532,875
667538891197542400,66,205
667534815156183040,549,825
667530908589760512,244,471
667524857454854144,1125,1711
667517642048163840,195,369
667509364010450944,2161,6831
667502640335572993,222,538
667495797102141441,274,522
667491009379606528,232,533
667470559035432960,100,258
667455448082227200,60,192
667453023279554560,91,314
667443425659232256,588,782
667437278097252352,242,451
667435689202614272,84,306
667405339315146752,221,468
667393430834667520,58,197
667369227918143488,166,368
667211855547486208,245,496
667200525029539841,263,617
667192066997374976,109,386
667188689915760640,421,745
667182792070062081,6268,14394
667177989038297088,55,191
667176164155375616,464,612
667174963120574464,84,245
667171260800061440,91,221
667165590075940865,1149,2702
667160273090932737,62,257
667152164079423490,17261,47957
667138269671505920,2232,4624
667119796878725120,128,330
667090893657276420,129,334
667073648344346624,123,404
667070482143944705,14,82
667065535570550784,48,166
667062181243039745,55,218
667044094246576128,51,183
667012601033924608,225,449
666996132027977728,94,244
666983947667116034,989,2550
666837028449972224,557,818
666835007768551424,80,214
666826780179869698,97,254
666817836334096384,251,517
666804364988780544,94,241
666786068205871104,488,761
666781792255496192,195,387
666776908487630848,175,351
666739327293083650,66,236
666701168228331520,219,431
666691418707132416,47,187
666649482315059201,624,1119
666644823164719104,81,230
666454714377183233,208,517
666447344410484738,20,104
666437273139982337,48,124
666435652385423360,53,164
666430724426358785,195,312
666428276349472768,83,164
666421158376562688,111,313
666418789513326592,45,122
666411507551481857,323,438
666407126856765440,40,106
666396247373291520,84,164
666373753744588802,90,185
666362758909284353,563,763
666353288456101888,71,215
666345417576210432,133,288
666337882303524864,90,193
666293911632134144,349,490
666287406224695296,64,144
666273097616637952,76,171
666268910803644416,35,100
666104133288665088,6441,14090
666102155909144576,12,78
666099513787052032,66,151
666094000022159362,72,161
666082916733198337,44,114
666073100786774016,160,316
666071193221509120,59,142
666063827256086533,214,465
666058600524156928,57,109
666057090499244032,139,290
666055525042405380,241,429
666051853826850816,839,1202
666050758794694657,59,130
666049248165822465,41,107
666044226329800704,139,293
666033412701032449,43,123
666029285002620928,47,126
666020888022790149,502,2538
